"ChainID,Resname,Parch_Value"
"B1,ASP,1.4966666666666668"
"B2,PRO,0.3"
"B3,SER,0.15"
"B4,ARG,1.4766666666666668"
"B5,ARG,0.9233333333333333"
"B6,ALA,0.09999999999999999"
"B7,PRO,0.12666666666666668"
"B8,THR,0.31"
"B9,TRP,0.18333333333333332"
"B10,SER,0.07333333333333333"
"B11,PRO,0.18000000000000002"
"B12,GLU,0.9666666666666667"
"B13,GLU,0.24333333333333337"
"B14,GLU,0.73"
"B15,ALA,0.16666666666666666"
"B16,HIS,0.39666666666666667"
"B17,LEU,0.02"
"B18,ARG,0.5833333333333334"
"B19,GLU,1.1266666666666667"
"B20,LEU,0.06666666666666667"
"B21,TYR,0.16"
"B22,LEU,0.07666666666666667"
"B23,ALA,0.04"
"B24,ASN,0.03666666666666667"
"B25,LYS,1.0466666666666666"
"B26,ASP,0.6633333333333334"
"B27,VAL,0.16"
"B28,GLU,1.2366666666666666"
"B29,GLY,0.23666666666666666"
"B30,GLN,0.3766666666666667"
"B31,ASP,0.6000000000000001"
"B32,VAL,0.15333333333333332"
"B33,VAL,0.016666666666666666"
"B34,GLU,0.6533333333333333"
"B35,ALA,0.023333333333333334"
"B36,ILE,0.056666666666666664"
"B37,LEU,0.023333333333333334"
"B38,ALA,0.13666666666666666"
"B39,HIS,0.21333333333333335"
"B40,LEU,0.12"
"B41,ASN,0.5566666666666666"
"B42,THR,0.9566666666666667"
"B43,VAL,0.21666666666666667"
"B44,PRO,0.02"
"B45,ARG,0.6433333333333334"
"B46,THR,0.3233333333333333"
"B47,ARG,1.05"
"B48,LYS,0.7966666666666665"
"B49,GLN,0.53"
"B50,ILE,0.0"
"B51,ILE,0.01"
"B52,HIS,0.3"
"B53,HIS,0.12"
"B54,LEU,0.02666666666666667"
"B55,VAL,0.07333333333333333"
"B56,GLN,0.36000000000000004"
"B57,MET,0.34"
"B58,GLY,0.06"
"B59,LEU,0.049999999999999996"
"B60,ALA,0.07666666666666667"
"B61,ASP,1.4000000000000001"
"B62,SER,0.14333333333333334"
"B63,VAL,0.17666666666666667"
"B64,LYS,2.0100000000000002"
"B65,ASP,1.0866666666666667"
"B66,PHE,0.26"
"B67,GLN,0.9966666666666666"
"B68,ARG,2.9033333333333338"
"B69,LYS,1.9633333333333332"
"B70,GLY,0.17333333333333334"
"B71,THR,0.23666666666666666"
"B72,HIS,0.17333333333333334"
"B73,ILE,0.18333333333333335"
"B74,VAL,0.56"
"B75,LEU,0.6666666666666666"
"B76,TRP,0.6266666666666666"
"B77,THR,0.3466666666666667"
"B78,GLY,0.08"
"B79,ASP,0.7866666666666666"
"B80,GLN,0.08"
"B81,GLU,0.24"
"B82,LEU,0.10666666666666667"
"B83,GLU,0.15666666666666668"
"B84,LEU,0.02666666666666667"
"B85,GLN,0.15333333333333332"
"B86,ARG,0.9133333333333334"
"B87,LEU,0.013333333333333334"
"B88,PHE,0.023333333333333334"
"B89,GLU,0.48666666666666664"
"B90,GLU,0.7866666666666666"
"B91,PHE,0.31666666666666665"
"B92,ARG,1.45"
"B93,ASP,0.71"
"B94,SER,0.01"
"B95,ASP,0.5466666666666666"
"B96,ASP,0.9333333333333332"
"B97,VAL,0.016666666666666666"
"B98,LEU,0.09333333333333334"
"B99,GLY,0.16333333333333333"
"B100,HIS,0.07333333333333335"
"B101,ILE,0.07"
"B102,MET,0.41"
"B103,LYS,1.4133333333333333"
"B104,ASN,0.4366666666666667"
"B105,ILE,0.38999999999999996"
"B106,THR,0.3233333333333333"
"B107,ALA,0.15333333333333332"
"B108,LYS,2.263333333333333"
"B109,ARG,0.9633333333333334"
"B110,SER,0.26666666666666666"
"B111,ARG,1.36"
"B112,ALA,0.5233333333333333"
"B113,ARG,1.5366666666666668"
"B114,ILE,0.0033333333333333335"
"B115,VAL,0.12333333333333334"
"B116,ASP,0.65"
"B117,LYS,0.5800000000000001"
"B118,LEU,0.01"
"B119,LEU,0.16"
"B120,ALA,0.09333333333333334"
"B121,LEU,0.12666666666666668"
"B122,GLY,0.03333333333333333"
"B123,LEU,0.16333333333333333"
"B124,VAL,0.04"
"B125,ALA,0.22"
"B126,GLU,0.9833333333333334"
"B127,ARG,1.68"
"B128,ARG,1.11"
"B129,GLU,0.68"
"B130,LEU,0.12333333333333334"
"B131,TYR,0.6566666666666667"
"B132,LYS,1.1766666666666665"
"B133,LYS,1.1966666666666665"
"B134,ARG,1.7299999999999998"
"B135,GLN,0.38000000000000006"
"B136,LYS,0.9366666666666666"
"B137,LYS,1.9833333333333332"
"B138,LEU,0.40666666666666673"
"B139,ALA,0.07333333333333332"
"B140,SER,0.71"
"B141,SER,0.7033333333333333"
